ENSG00000186092	OR4F5
ENSG00000237683	AL627309.1
ENSG00000235249	OR4F29
ENSG00000185097	OR4F16
ENSG00000269831	AL669831.1
ENSG00000269308	AL645608.2
ENSG00000187634	SAMD11
ENSG00000268179	AL645608.1
ENSG00000188976	NOC2L
ENSG00000187961	KLHL17
ENSG00000187583	PLEKHN1
ENSG00000187642	C1orf170
ENSG00000188290	HES4
ENSG00000187608	ISG15
ENSG00000188157	AGRN
ENSG00000237330	RNF223
ENSG00000131591	C1orf159
ENSG00000162571	TTLL10
ENSG00000186891	TNFRSF18
ENSG00000186827	TNFRSF4
ENSG00000078808	SDF4
ENSG00000176022	B3GALT6
ENSG00000184163	FAM132A
ENSG00000160087	UBE2J2
ENSG00000162572	SCNN1D
ENSG00000131584	ACAP3
ENSG00000169972	PUSL1
ENSG00000127054	CPSF3L
ENSG00000224051	GLTPD1
ENSG00000169962	TAS1R3
ENSG00000107404	DVL1
ENSG00000162576	MXRA8
ENSG00000175756	AURKAIP1
ENSG00000221978	CCNL2
ENSG00000224870	RP4-758J18.2
ENSG00000242485	MRPL20
ENSG00000235098	ANKRD65
ENSG00000205116	TMEM88B
ENSG00000179403	VWA1
ENSG00000215915	ATAD3C
ENSG00000160072	ATAD3B
ENSG00000197785	ATAD3A
ENSG00000205090	TMEM240
ENSG00000160075	SSU72
ENSG00000215014	AL645728.1
ENSG00000228594	C1orf233
ENSG00000197530	MIB2
ENSG00000189409	MMP23B
ENSG00000248333	CDK11B
ENSG00000189339	SLC35E2B
ENSG00000008128	CDK11A
ENSG00000215790	SLC35E2
ENSG00000008130	NADK
ENSG00000078369	GNB1
ENSG00000169885	CALML6
ENSG00000178821	TMEM52
ENSG00000142609	C1orf222
ENSG00000187730	GABRD
ENSG00000067606	PRKCZ
ENSG00000162585	C1orf86
ENSG00000269554	AL590822.2
ENSG00000203301	AL590822.1
ENSG00000157933	SKI
ENSG00000116151	MORN1
ENSG00000269753	AL589739.1
ENSG00000157916	RER1
ENSG00000157911	PEX10
ENSG00000149527	PLCH2
ENSG00000157881	PANK4
ENSG00000197921	HES5
ENSG00000157873	TNFRSF14
ENSG00000157870	FAM213B
ENSG00000142606	MMEL1
ENSG00000215912	TTC34
ENSG00000169717	ACTRT2
ENSG00000142611	PRDM16
ENSG00000130762	ARHGEF16
ENSG00000162591	MEGF6
ENSG00000158109	TPRG1L
ENSG00000116213	WRAP73
ENSG00000078900	TP73
ENSG00000162592	CCDC27
ENSG00000235169	SMIM1
ENSG00000130764	LRRC47
ENSG00000116198	CEP104
ENSG00000169598	DFFB
ENSG00000198912	C1orf174
ENSG00000196581	AJAP1
ENSG00000131697	NPHP4
ENSG00000069424	KCNAB2
ENSG00000268332	AL035406.1
ENSG00000116254	CHD5
ENSG00000116251	RPL22
ENSG00000158286	RNF207
ENSG00000116237	ICMT
ENSG00000173673	HES3
ENSG00000158292	GPR153
ENSG00000097021	ACOT7
ENSG00000069812	HES2
ENSG00000187017	ESPN
ENSG00000215788	TNFRSF25
ENSG00000171680	PLEKHG5
ENSG00000162408	NOL9
ENSG00000173662	TAS1R1
ENSG00000204859	ZBTB48
ENSG00000162413	KLHL21
ENSG00000116273	PHF13
ENSG00000041988	THAP3
ENSG00000007923	DNAJC11
ENSG00000171735	CAMTA1
ENSG00000049245	VAMP3
ENSG00000049246	PER3
ENSG00000049247	UTS2
ENSG00000049249	TNFRSF9
ENSG00000116288	PARK7
ENSG00000116285	ERRFI1
ENSG00000162426	SLC45A1
ENSG00000142599	RERE
ENSG00000074800	ENO1
ENSG00000131686	CA6
ENSG00000197241	SLC2A7
ENSG00000142583	SLC2A5
ENSG00000180758	GPR157
ENSG00000049239	H6PD
ENSG00000171621	SPSB1
ENSG00000171612	SLC25A33
ENSG00000188807	TMEM201
ENSG00000171608	PIK3CD
ENSG00000179840	C1orf200
ENSG00000171603	CLSTN1
ENSG00000178585	CTNNBIP1
ENSG00000162441	LZIC
ENSG00000173614	NMNAT1
ENSG00000162444	RBP7
ENSG00000130939	UBE4B
ENSG00000054523	KIF1B
ENSG00000142657	PGD
ENSG00000175279	APITD1
ENSG00000251503	APITD1-CORT
ENSG00000241563	CORT
ENSG00000160049	DFFA
ENSG00000142655	PEX14
ENSG00000130940	CASZ1
ENSG00000175262	C1orf127
ENSG00000120948	TARDBP
ENSG00000009724	MASP2
ENSG00000116649	SRM
ENSG00000171824	EXOSC10
ENSG00000198793	MTOR
ENSG00000171819	ANGPTL7
ENSG00000120942	UBIAD1
ENSG00000204624	PTCHD2
ENSG00000116661	FBXO2
ENSG00000132879	FBXO44
ENSG00000116663	FBXO6
ENSG00000116670	MAD2L2
ENSG00000162490	DRAXIN
ENSG00000177674	AGTRAP
ENSG00000215910	C1orf167
ENSG00000177000	MTHFR
ENSG00000011021	CLCN6
ENSG00000175206	NPPA
ENSG00000120937	NPPB
ENSG00000116685	KIAA2013
ENSG00000083444	PLOD1
ENSG00000116688	MFN2
ENSG00000116691	MIIP
ENSG00000120949	TNFRSF8
ENSG00000028137	TNFRSF1B
ENSG00000048707	VPS13D
ENSG00000162496	DHRS3
ENSG00000204518	AADACL4
ENSG00000188984	AADACL3
ENSG00000157330	C1orf158
ENSG00000116726	PRAMEF12
ENSG00000116721	PRAMEF1
ENSG00000204513	PRAMEF11
ENSG00000179172	HNRNPCL1
ENSG00000120952	PRAMEF2
ENSG00000243073	PRAMEF4
ENSG00000187545	PRAMEF10
ENSG00000204510	PRAMEF7
ENSG00000232423	PRAMEF6
ENSG00000204508	PRAMEF22
ENSG00000239810	WI2-3308P17.2
ENSG00000229571	PRAMEF26
ENSG00000204503	PRAMEF3
ENSG00000204502	PRAMEF5
ENSG00000182330	PRAMEF8
ENSG00000204501	PRAMEF9
ENSG00000204495	PRAMEF13
ENSG00000204491	PRAMEF18
ENSG00000204488	PRAMEF16
ENSG00000204486	PRAMEF21
ENSG00000157358	PRAMEF15
ENSG00000204481	PRAMEF14
ENSG00000204480	PRAMEF19
ENSG00000204479	PRAMEF17
ENSG00000204478	PRAMEF20
ENSG00000162494	LRRC38
ENSG00000162493	PDPN
ENSG00000116731	PRDM2
ENSG00000189337	KAZN
ENSG00000171729	TMEM51
ENSG00000204464	C1orf195
ENSG00000142621	FHAD1
ENSG00000142634	EFHD2
ENSG00000162438	CTRC
ENSG00000142615	CELA2A
ENSG00000215704	CELA2B
ENSG00000132906	CASP9
ENSG00000116138	DNAJC16
ENSG00000116771	AGMAT
ENSG00000197312	DDI2
ENSG00000215695	RSC1A1
ENSG00000116786	PLEKHM2
ENSG00000162461	SLC25A34
ENSG00000162460	TMEM82
ENSG00000162458	FBLIM1
ENSG00000065526	SPEN
ENSG00000116809	ZBTB17
ENSG00000183888	C1orf64
ENSG00000173641	HSPB7
ENSG00000186510	CLCNKA
ENSG00000184908	CLCNKB
ENSG00000185519	FAM131C
ENSG00000142627	EPHA2
ENSG00000142632	ARHGEF19
ENSG00000204377	C1orf134
ENSG00000132881	RSG1
ENSG00000037637	FBXO42
ENSG00000055070	SZRD1
ENSG00000187144	SPATA21
ENSG00000157191	NECAP2
ENSG00000268674	FAM231B
ENSG00000219481	NBPF1
ENSG00000237847	FAM231A
ENSG00000268991	FAM231C
ENSG00000058453	CROCC
ENSG00000117122	MFAP2
ENSG00000159363	ATP13A2
ENSG00000117118	SDHB
ENSG00000117115	PADI2
ENSG00000142623	PADI1
ENSG00000142619	PADI3
ENSG00000159339	PADI4
ENSG00000269468	AC004824.2
ENSG00000179051	RCC2
ENSG00000074964	ARHGEF10L
ENSG00000117148	ACTL8
ENSG00000117154	IGSF21
ENSG00000179023	KLHDC7A
ENSG00000009709	PAX7
ENSG00000179002	TAS1R2
ENSG00000255275	RP13-279N23.2
ENSG00000159423	ALDH4A1
ENSG00000169991	IFFO2
ENSG00000127481	UBR4
ENSG00000127463	EMC1
ENSG00000053372	MRTO4
ENSG00000162482	AKR7A3
ENSG00000053371	AKR7A2
ENSG00000040487	PQLC2
ENSG00000077549	CAPZB
ENSG00000270136	MINOS1-NBL1
ENSG00000173436	MINOS1
ENSG00000158747	NBL1
ENSG00000158748	HTR6
ENSG00000162542	TMCO4
ENSG00000178828	RNF186
ENSG00000169914	OTUD3
ENSG00000188784	PLA2G2E
ENSG00000188257	PLA2G2A
ENSG00000127472	PLA2G5
ENSG00000117215	PLA2G2D
ENSG00000158786	PLA2G2F
ENSG00000187980	PLA2G2C
ENSG00000162543	UBXN10
ENSG00000158816	VWA5B1
ENSG00000162545	CAMK2N1
ENSG00000090432	MUL1
ENSG00000183114	FAM43B
ENSG00000158825	CDA
ENSG00000158828	PINK1
ENSG00000244038	DDOST
ENSG00000117245	KIF17
ENSG00000189410	SH2D5
ENSG00000127483	HP1BP3
ENSG00000075151	EIF4G3
ENSG00000117298	ECE1
ENSG00000142794	NBPF3
ENSG00000162551	ALPL
ENSG00000076864	RAP1GAP
ENSG00000090686	USP48
ENSG00000187942	LDLRAD2
ENSG00000142798	HSPG2
ENSG00000219073	CELA3B
ENSG00000142789	CELA3A
ENSG00000070831	CDC42
ENSG00000162552	WNT4
ENSG00000184677	ZBTB40
ENSG00000070886	EPHA8
ENSG00000173372	C1QA
ENSG00000159189	C1QC
ENSG00000173369	C1QB
ENSG00000133216	EPHB2
ENSG00000215906	LACTBL1
ENSG00000227868	C1orf234
ENSG00000004487	KDM1A
ENSG00000169641	LUZP1
ENSG00000179546	HTR1D
ENSG00000125944	HNRNPR
ENSG00000125945	ZNF436
ENSG00000249087	C1orf213
ENSG00000204219	TCEA3
ENSG00000088280	ASAP3
ENSG00000007968	E2F2
ENSG00000117318	ID3
ENSG00000197880	MDS2
ENSG00000142676	RPL11
ENSG00000011007	TCEB3
ENSG00000057757	PITHD1
ENSG00000011009	LYPLA2
ENSG00000117308	GALE
ENSG00000117305	HMGCL
ENSG00000179163	FUCA1
ENSG00000188822	CNR2
ENSG00000189266	PNRC2
ENSG00000188529	SRSF10
ENSG00000142661	MYOM3
ENSG00000142677	IL22RA1
ENSG00000185436	IFNLR1
ENSG00000158055	GRHL3
ENSG00000001460	STPG1
ENSG00000001461	NIPAL3
ENSG00000117602	RCAN3
ENSG00000184454	NCMAP
ENSG00000133226	SRRM1
ENSG00000169504	CLIC4
ENSG00000020633	RUNX3
ENSG00000117614	SYF2
ENSG00000117616	C1orf63
ENSG00000187010	RHD
ENSG00000183726	TMEM50A
ENSG00000188672	RHCE
ENSG00000204178	TMEM57
ENSG00000157978	LDLRAP1
ENSG00000117643	MAN1C1
ENSG00000162430	SEPN1
ENSG00000255054	RP1-317E23.6
ENSG00000117640	MTFR1L
ENSG00000223474	AL020996.1
ENSG00000127423	AUNIP
ENSG00000182749	PAQR7
ENSG00000117632	STMN1
ENSG00000158006	PAFAH2
ENSG00000158008	EXTL1
ENSG00000158014	SLC30A2
ENSG00000158022	TRIM63
ENSG00000175087	PDIK1L
ENSG00000197245	FAM110D
ENSG00000142684	ZNF593
ENSG00000142675	CNKSR1
ENSG00000188782	CATSPER4
ENSG00000130695	CEP85
ENSG00000142669	SH3BGRL3
ENSG00000158062	UBXN11
ENSG00000169442	CD52
ENSG00000176092	AIM1L
ENSG00000176083	ZNF683
ENSG00000131914	LIN28A
ENSG00000117682	DHDDS
ENSG00000198830	HMGN2
ENSG00000117676	RPS6KA1
ENSG00000117713	ARID1A
ENSG00000060642	PIGV
ENSG00000204160	ZDHHC18
ENSG00000175793	SFN
ENSG00000142751	GPN2
ENSG00000198746	GPATCH3
ENSG00000090273	NUDC
ENSG00000131910	NR0B2
ENSG00000175707	C1orf172
ENSG00000253368	TRNP1
ENSG00000158246	FAM46B
ENSG00000090020	SLC9A1
ENSG00000142784	WDTC1
ENSG00000186501	TMEM222
ENSG00000142765	SYTL1
ENSG00000142733	MAP3K6
ENSG00000142748	FCN3
ENSG00000174950	CD164L2
ENSG00000181773	GPR3
ENSG00000158195	WASF2
ENSG00000126705	AHDC1
ENSG00000000938	FGR
ENSG00000126709	IFI6
ENSG00000009780	FAM76A
ENSG00000117758	STX12
ENSG00000117751	PPP1R8
ENSG00000268552	AL109927.1
ENSG00000130775	THEMIS2
ENSG00000117748	RPA2
ENSG00000130768	SMPDL3B
ENSG00000158156	XKR8
ENSG00000158161	EYA3
ENSG00000169403	PTAFR
ENSG00000126698	DNAJC8
ENSG00000215902	AL353354.1
ENSG00000269804	AL353354.2
ENSG00000130770	ATPIF1
ENSG00000130766	SESN2
ENSG00000130772	MED18
ENSG00000204138	PHACTR4
ENSG00000180198	RCC1
ENSG00000180098	TRNAU1AP
ENSG00000120656	TAF12
ENSG00000188060	RAB42
ENSG00000162419	GMEB1
ENSG00000198492	YTHDF2
ENSG00000116329	OPRD1
ENSG00000159023	EPB41
ENSG00000253304	TMEM200B
ENSG00000116350	SRSF4
ENSG00000116353	MECR
ENSG00000060656	PTPRU
ENSG00000162510	MATN1
ENSG00000162511	LAPTM5
ENSG00000162512	SDC3
ENSG00000134644	PUM1
ENSG00000084628	NKAIN1
ENSG00000060688	SNRNP40
ENSG00000121766	ZCCHC17
ENSG00000121769	FABP3
ENSG00000168528	SERINC2
ENSG00000268950	AC114494.1
ENSG00000142910	TINAGL1
ENSG00000121764	HCRTR1
ENSG00000162517	PEF1
ENSG00000084636	COL16A1
ENSG00000121753	BAI2
ENSG00000134668	SPOCD1
ENSG00000184007	PTP4A2
ENSG00000212673	AL136115.1
ENSG00000121774	KHDRBS1
ENSG00000121775	TMEM39B
ENSG00000025800	KPNA6
ENSG00000084652	TXLNA
ENSG00000160050	CCDC28B
ENSG00000160051	IQCC
ENSG00000222046	DCDC2B
ENSG00000160055	TMEM234
ENSG00000084623	EIF3I
ENSG00000183615	FAM167B
ENSG00000182866	LCK
ENSG00000116478	HDAC1
ENSG00000175130	MARCKSL1
ENSG00000162526	TSSK3
ENSG00000225828	FAM229A
ENSG00000160058	BSDC1
ENSG00000254553	RP1-27O5.3
ENSG00000273274	ZBTB8B
ENSG00000160062	ZBTB8A
ENSG00000176261	ZBTB8OS
ENSG00000162521	RBBP4
ENSG00000162520	SYNC
ENSG00000162522	KIAA1522
ENSG00000134684	YARS
ENSG00000116497	S100PBP
ENSG00000160097	FNDC5
ENSG00000121905	HPCA
ENSG00000121900	TMEM54
ENSG00000116514	RNF19B
ENSG00000267885	FKSG48
ENSG00000004455	AK2
ENSG00000142920	ADC
ENSG00000116525	TRIM62
ENSG00000160094	ZNF362
ENSG00000184389	A3GALT2
ENSG00000134686	PHC2
ENSG00000121903	ZSCAN20
ENSG00000121904	CSMD2
ENSG00000176256	HMGB4
ENSG00000142698	C1orf94
ENSG00000163866	SMIM12
ENSG00000189280	GJB5
ENSG00000189433	GJB4
ENSG00000188910	GJB3
ENSG00000187513	GJA4
ENSG00000116544	DLGAP3
ENSG00000271741	RP11-244H3.4
ENSG00000243749	ZMYM6NB
ENSG00000163867	ZMYM6
ENSG00000197056	ZMYM1
ENSG00000116560	SFPQ
ENSG00000146463	ZMYM4
ENSG00000142687	KIAA0319L
ENSG00000020129	NCDN
ENSG00000116819	TFAP2E
ENSG00000126067	PSMB2
ENSG00000142686	C1orf216
ENSG00000092853	CLSPN
ENSG00000134698	AGO4
ENSG00000092847	AGO1
ENSG00000126070	AGO3
ENSG00000092850	TEKT2
ENSG00000116863	ADPRHL2
ENSG00000171812	COL8A2
ENSG00000054116	TRAPPC3
ENSG00000116871	MAP7D1
ENSG00000054118	THRAP3
ENSG00000214193	SH3D21
ENSG00000142694	EVA1B
ENSG00000116883	RP11-268J15.5
ENSG00000196182	STK40
ENSG00000181817	LSM10
ENSG00000116885	OSCP1
ENSG00000116898	MRPS15
ENSG00000119535	CSF3R
ENSG00000163873	GRIK3
ENSG00000163874	ZC3H12A
ENSG00000163875	MEAF6
ENSG00000163877	SNIP1
ENSG00000163879	DNALI1
ENSG00000134697	GNL2
ENSG00000169218	RSPO1
ENSG00000116922	C1orf109
ENSG00000134690	CDCA8
ENSG00000183317	EPHA10
ENSG00000185090	MANEAL
ENSG00000196449	YRDC
ENSG00000197982	C1orf122
ENSG00000188786	MTF1
ENSG00000230610	AL929472.1
ENSG00000204084	INPP5B
ENSG00000183431	SF3A3
ENSG00000183386	FHL3
ENSG00000183520	UTP11L
ENSG00000185668	POU3F1
ENSG00000116954	RRAGC
ENSG00000214114	MYCBP
ENSG00000131233	GJA9
ENSG00000158315	RHBDL2
ENSG00000174574	AKIRIN1
ENSG00000168653	NDUFS5
ENSG00000127603	MACF1
ENSG00000255103	KIAA0754
ENSG00000183682	BMP8A
ENSG00000090621	PABPC4
ENSG00000163909	HEYL
ENSG00000116981	NT5C1A
ENSG00000116983	HPCAL4
ENSG00000084072	PPIE
ENSG00000116985	BMP8B
ENSG00000198754	OXCT2
ENSG00000043514	TRIT1
ENSG00000116990	MYCL
ENSG00000168389	MFSD2A
ENSG00000131236	CAP1
ENSG00000131238	PPT1
ENSG00000117000	RLF
ENSG00000188800	TMCO2
ENSG00000084073	ZMPSTE24
ENSG00000049089	COL9A2
ENSG00000084070	SMAP2
ENSG00000187801	ZFP69B
ENSG00000187815	ZFP69
ENSG00000164002	EXO5
ENSG00000117010	ZNF684
ENSG00000117016	RIMS3
ENSG00000066136	NFYC
ENSG00000117013	KCNQ4
ENSG00000179862	CITED4
ENSG00000171793	CTPS1
ENSG00000171790	SLFNL1
ENSG00000010803	SCMH1
ENSG00000204060	FOXO6
ENSG00000127129	EDN2
ENSG00000127124	HIVEP3
ENSG00000044012	GUCA2B
ENSG00000197273	GUCA2A
ENSG00000198815	FOXJ3
ENSG00000177181	RIMKLA
ENSG00000066185	ZMYND12
ENSG00000127125	PPCS
ENSG00000186409	CCDC30
ENSG00000171960	PPIH
ENSG00000065978	YBX1
ENSG00000164007	CLDN19
ENSG00000117385	LEPRE1
ENSG00000164008	C1orf50
ENSG00000177868	CCDC23
ENSG00000164010	ERMAP
ENSG00000164011	ZNF691
ENSG00000117394	SLC2A1
ENSG00000186973	FAM183A
ENSG00000117395	EBNA1BP2
ENSG00000243710	WDR65
ENSG00000179178	TMEM125
ENSG00000253313	C1orf210
ENSG00000066056	TIE1
ENSG00000117400	MPL
ENSG00000117399	CDC20
ENSG00000066322	ELOVL1
ENSG00000159479	MED8
ENSG00000198198	SZT2
ENSG00000178922	HYI
ENSG00000142949	PTPRF
ENSG00000066135	KDM4A
ENSG00000126091	ST3GAL3
ENSG00000117407	ARTN
ENSG00000117408	IPO13
ENSG00000132768	DPH2
ENSG00000117410	ATP6V0B
ENSG00000117411	B4GALT2
ENSG00000159214	CCDC24
ENSG00000196517	SLC6A9
ENSG00000171872	KLF17
ENSG00000178028	DMAP1
ENSG00000117419	ERI3
ENSG00000187147	RNF220
ENSG00000126106	TMEM53
ENSG00000198520	C1orf228
ENSG00000142945	KIF2C
ENSG00000142937	RPS8
ENSG00000142959	BEST4
ENSG00000173846	PLK3
ENSG00000188396	TCTEX1D4
ENSG00000222009	BTBD19
ENSG00000117425	PTCH2
ENSG00000070785	EIF2B3
ENSG00000126107	HECTD3
ENSG00000126088	UROD
ENSG00000162415	ZSWIM5
ENSG00000186603	HPDL
ENSG00000132781	MUTYH
ENSG00000132773	TOE1
ENSG00000070759	TESK2
ENSG00000236624	CCDC163P
ENSG00000132763	MMACHC
ENSG00000117450	PRDX1
ENSG00000117448	AKR1A1
ENSG00000132780	NASP
ENSG00000159588	CCDC17
ENSG00000159592	GPBP1L1
ENSG00000159596	TMEM69
ENSG00000197429	IPP
ENSG00000086015	MAST2
ENSG00000117461	PIK3R3
ENSG00000117472	TSPAN1
ENSG00000085998	POMGNT1
ENSG00000171357	LURAP1
ENSG00000085999	RAD54L
ENSG00000132128	LRRC41
ENSG00000173660	UQCRH
ENSG00000117481	NSUN4
ENSG00000117480	FAAH
ENSG00000197587	DMBX1
ENSG00000162456	KNCN
ENSG00000079277	MKNK1
ENSG00000142961	MOB3C
ENSG00000123472	ATPAF1
ENSG00000159658	EFCAB14
ENSG00000186118	TEX38
ENSG00000142973	CYP4B1
ENSG00000187048	CYP4A11
ENSG00000186377	CYP4X1
ENSG00000186160	CYP4Z1
ENSG00000162365	CYP4A22
ENSG00000162366	PDZK1IP1
ENSG00000162367	TAL1
ENSG00000123473	STIL
ENSG00000162368	CMPK1
ENSG00000186790	FOXE3
ENSG00000186564	FOXD2
ENSG00000269113	TRABD2B
ENSG00000273395	FLJ00388
ENSG00000269709	AL109659.1
ENSG00000117834	SLC5A9
ENSG00000132122	SPATA6
ENSG00000186094	AGBL4
ENSG00000162373	BEND5
ENSG00000227839	AL645730.2
ENSG00000162374	ELAVL4
ENSG00000142700	DMRTA2
ENSG00000185104	FAF1
ENSG00000123080	CDKN2C
ENSG00000204006	C1orf185
ENSG00000123091	RNF11
ENSG00000085831	TTC39A
ENSG00000085832	EPS15
ENSG00000117859	OSBPL9
ENSG00000078618	NRD1
ENSG00000169213	RAB3B
ENSG00000117862	TXNDC12
ENSG00000198841	KTI12
ENSG00000134717	BTF3L4
ENSG00000157077	ZFYVE9
ENSG00000154222	CC2D1B
ENSG00000085840	ORC1
ENSG00000134748	PRPF38A
ENSG00000134744	ZCCHC11
ENSG00000116157	GPX7
ENSG00000182183	FAM159A
ENSG00000162377	COA7
ENSG00000162378	ZYG11B
ENSG00000203995	ZYG11A
ENSG00000121310	ECHDC2
ENSG00000116171	SCP2
ENSG00000174348	PODN
ENSG00000162383	SLC1A7
ENSG00000157184	CPT2
ENSG00000162384	C1orf123
ENSG00000162385	MAGOH
ENSG00000157193	LRP8
ENSG00000143006	DMRTB1
ENSG00000174332	GLIS1
ENSG00000058804	NDC1
ENSG00000058799	YIPF1
ENSG00000211452	DIO1
ENSG00000081870	HSPB11
ENSG00000116212	LRRC42
ENSG00000203985	LDLRAD1
ENSG00000116209	TMEM59
ENSG00000116205	TCEANC2
ENSG00000212670	AL161915.1
ENSG00000157211	CDCP2
ENSG00000256407	RP11-446E24.4
ENSG00000248835	AL357673.1
ENSG00000215883	CYB5RL
ENSG00000116221	MRPL37
ENSG00000157216	SSBP3
ENSG00000198711	SSBP3-AS1
ENSG00000162390	ACOT11
ENSG00000162391	FAM151A
ENSG00000271723	MROH7-TTC4
ENSG00000184313	MROH7
ENSG00000243725	TTC4
ENSG00000162396	PARS2
ENSG00000006555	TTC22
ENSG00000162398	C1orf177
ENSG00000116133	DHCR24
ENSG00000143001	TMEM61
ENSG00000162399	BSND
ENSG00000169174	PCSK9
ENSG00000162402	USP24
ENSG00000162407	PPAP2B
ENSG00000162409	PRKAA2
ENSG00000187889	C1orf168
ENSG00000157131	C8A
ENSG00000021852	C8B
ENSG00000173406	DAB1
ENSG00000162600	OMA1
ENSG00000184292	TACSTD2
ENSG00000162601	MYSM1
ENSG00000177606	JUN
ENSG00000172456	FGGY
ENSG00000134709	HOOK1
ENSG00000134716	CYP2J2
ENSG00000162598	C1orf87
ENSG00000162599	NFIA
ENSG00000162604	TM2D1
ENSG00000132849	INADL
ENSG00000240563	L1TD1
ENSG00000132854	KANK4
ENSG00000162607	USP1
ENSG00000116641	DOCK7
ENSG00000132855	ANGPTL3
ENSG00000269624	AL138847.1
ENSG00000125703	ATG4C
ENSG00000187140	FOXD3
ENSG00000088035	ALG6
ENSG00000142856	ITGB3BP
ENSG00000203965	EFCAB7
ENSG00000116652	DLEU2L
ENSG00000079739	PGM1
ENSG00000185483	ROR1
ENSG00000177414	UBE2U
ENSG00000158966	CACHD1
ENSG00000162437	RAVER2
ENSG00000162434	JAK1
ENSG00000162433	AK4
ENSG00000116675	DNAJC6
ENSG00000116678	LEPR
ENSG00000213625	LEPROT
ENSG00000184588	PDE4B
ENSG00000118473	SGIP1
ENSG00000248458	AL139147.1
ENSG00000152760	TCTEX1D1
ENSG00000172410	INSL5
ENSG00000152763	WDR78
ENSG00000198160	MIER1
ENSG00000116704	SLC35D1
ENSG00000203963	C1orf141
ENSG00000162594	IL23R
ENSG00000081985	IL12RB2
ENSG00000142864	SERBP1
ENSG00000116717	GADD45A
ENSG00000172380	GNG12
ENSG00000162595	DIRAS3
ENSG00000116729	WLS
ENSG00000116745	RPE65
ENSG00000024526	DEPDC1
ENSG00000033122	LRRC7
ENSG00000066557	LRRC40
ENSG00000116754	SRSF11
ENSG00000118454	ANKRD13C
ENSG00000197568	HHLA3
ENSG00000116761	CTH
ENSG00000050628	PTGER3
ENSG00000132485	ZRANB2
ENSG00000172260	NEGR1
ENSG00000162620	LRRIQ3
ENSG00000254685	FPGT
ENSG00000259030	FPGT-TNNI3K
ENSG00000116783	TNNI3K
ENSG00000162621	LRRC53
ENSG00000178965	C1orf173
ENSG00000116791	CRYZ
ENSG00000162623	TYW3
ENSG00000162624	LHX8
ENSG00000137968	SLC44A5
ENSG00000117054	ACADM
ENSG00000137955	RABGGTB
ENSG00000057468	MSH4
ENSG00000154007	ASB17
ENSG00000184005	ST6GALNAC3
ENSG00000117069	ST6GALNAC5
ENSG00000142892	PIGK
ENSG00000154027	AK5
ENSG00000036549	ZZZ3
ENSG00000077254	USP33
ENSG00000180488	FAM73A
ENSG00000162614	NEXN
ENSG00000162613	FUBP1
ENSG00000162616	DNAJB4
ENSG00000137960	GIPC2
ENSG00000122420	PTGFR
ENSG00000137959	IFI44L
ENSG00000137965	IFI44
ENSG00000162618	ELTD1
ENSG00000117114	LPHN2
ENSG00000137941	TTLL7
ENSG00000142875	PRKACB
ENSG00000203943	SAMD13
ENSG00000137976	DNASE2B
ENSG00000117133	RPF1
ENSG00000174021	GNG5
ENSG00000117151	CTBS
ENSG00000180869	C1orf180
ENSG00000117155	SSX2IP
ENSG00000171517	LPAR3
ENSG00000153898	MCOLN2
ENSG00000162643	WDR63
ENSG00000055732	MCOLN3
ENSG00000097096	SYDE2
ENSG00000162642	C1orf52
ENSG00000142867	BCL10
ENSG00000153904	DDAH1
ENSG00000142871	CYR61
ENSG00000117174	ZNHIT6
ENSG00000171502	COL24A1
ENSG00000122417	ODF2L
ENSG00000137975	CLCA2
ENSG00000016490	CLCA1
ENSG00000016602	CLCA4
ENSG00000097033	SH3GLB1
ENSG00000183291	SEP15
ENSG00000153936	HS2ST1
ENSG00000267561	RP5-1052I5.2
ENSG00000143013	LMO4
ENSG00000065243	PKN2
ENSG00000137947	GTF2B
ENSG00000137944	CCBL2
ENSG00000213516	RBMXL1
ENSG00000117226	GBP3
ENSG00000117228	GBP1
ENSG00000162645	GBP2
ENSG00000213512	GBP7
ENSG00000162654	GBP4
ENSG00000154451	GBP5
ENSG00000183347	GBP6
ENSG00000197147	LRRC8B
ENSG00000171488	LRRC8C
ENSG00000271949	RP11-302M6.4
ENSG00000171492	LRRC8D
ENSG00000162664	ZNF326
ENSG00000143032	BARHL2
ENSG00000122482	ZNF644
ENSG00000162669	HFM1
ENSG00000097046	CDC7
ENSG00000069702	TGFBR3
ENSG00000137948	BRDT
ENSG00000172031	EPHX4
ENSG00000189195	BTBD8
ENSG00000069712	KIAA1107
ENSG00000203910	C1orf146
ENSG00000174842	GLMN
ENSG00000122484	RPAP2
ENSG00000162676	GFI1
ENSG00000067208	EVI5
ENSG00000122406	RPL5
ENSG00000154511	FAM69A
ENSG00000143033	MTF2
ENSG00000117500	TMED5
ENSG00000122483	CCDC18
ENSG00000117505	DR1
ENSG00000137942	FNBP1L
ENSG00000137936	BCAR3
ENSG00000067334	DNTTIP2
ENSG00000023909	GCLM
ENSG00000198691	ABCA4
ENSG00000137962	ARHGAP29
ENSG00000117528	ABCD3
ENSG00000117525	F3
ENSG00000143036	SLC44A3
ENSG00000117519	CNN3
ENSG00000172339	ALG14
ENSG00000152078	TMEM56
ENSG00000271092	TMEM56-RWDD3
ENSG00000122481	RWDD3
ENSG00000237435	RP11-147C23.1
ENSG00000117569	PTBP2
ENSG00000188641	DPYD
ENSG00000162627	SNX7
ENSG00000117598	LPPR5
ENSG00000117600	LPPR4
ENSG00000099260	PALMD
ENSG00000156869	FRRS1
ENSG00000162688	AGL
ENSG00000117620	SLC35A3
ENSG00000156875	HIAT1
ENSG00000156876	SASS6
ENSG00000122435	TRMT13
ENSG00000122477	LRRC39
ENSG00000137992	DBT
ENSG00000137996	RTCA
ENSG00000079335	CDC14A
ENSG00000181656	GPR88
ENSG00000162692	VCAM1
ENSG00000162694	EXTL2
ENSG00000162695	SLC30A7
ENSG00000117543	DPH5
ENSG00000269175	AC093157.1
ENSG00000170989	S1PR1
ENSG00000118733	OLFM3
ENSG00000060718	COL11A1
ENSG00000185946	RNPC3
ENSG00000240038	AMY2B
ENSG00000243480	AMY2A
ENSG00000237763	AMY1A
ENSG00000174876	AMY1B
ENSG00000187733	AMY1C
ENSG00000198890	PRMT6
ENSG00000162631	NTNG1
ENSG00000134215	VAV3
ENSG00000085491	SLC25A24
ENSG00000196427	NBPF4
ENSG00000186086	NBPF6
ENSG00000162636	FAM102B
ENSG00000162639	HENMT1
ENSG00000134186	PRPF38B
ENSG00000143107	FNDC7
ENSG00000116266	STXBP3
ENSG00000162641	AKNAD1
ENSG00000121957	GPSM2
ENSG00000121940	CLCC1
ENSG00000085433	WDR47
ENSG00000197780	TAF13
ENSG00000215717	TMEM167B
ENSG00000179902	C1orf194
ENSG00000116299	KIAA1324
ENSG00000031698	SARS
ENSG00000143126	CELSR2
ENSG00000134222	PSRC1
ENSG00000221986	MYBPHL
ENSG00000134243	SORT1
ENSG00000143106	PSMA5
ENSG00000143028	SYPL2
ENSG00000162650	ATXN7L2
ENSG00000174151	CYB561D1
ENSG00000181754	AMIGO1
ENSG00000156097	GPR61
ENSG00000065135	GNAI3
ENSG00000134183	GNAT2
ENSG00000116337	AMPD2
ENSG00000168765	GSTM4
ENSG00000213366	GSTM2
ENSG00000134184	GSTM1
ENSG00000134201	GSTM5
ENSG00000134202	GSTM3
ENSG00000198758	EPS8L3
ENSG00000184371	CSF1
ENSG00000168710	AHCYL1
ENSG00000143093	STRIP1
ENSG00000156150	ALX3
ENSG00000186150	UBL4B
ENSG00000197106	SLC6A17
ENSG00000116396	KCNC4
ENSG00000162775	RBM15
ENSG00000168679	SLC16A4
ENSG00000134248	LAMTOR5
ENSG00000143125	PROK1
ENSG00000143105	KCNA10
ENSG00000177301	KCNA2
ENSG00000177272	KCNA3
ENSG00000143119	CD53
ENSG00000121931	LRIF1
ENSG00000156171	DRAM2
ENSG00000134255	CEPT1
ENSG00000162777	DENND2D
ENSG00000064886	CHI3L2
ENSG00000134216	CHIA
ENSG00000173947	PIFO
ENSG00000085465	OVGP1
ENSG00000116455	WDR77
ENSG00000116459	ATP5F1
ENSG00000143110	C1orf162
ENSG00000121933	ADORA3
ENSG00000116473	RAP1A
ENSG00000197852	FAM212B
ENSG00000064703	DDX20
ENSG00000171385	KCND3
ENSG00000143079	CTTNBP2NL
ENSG00000134245	WNT2B
ENSG00000007341	ST7L
ENSG00000116489	CAPZA1
ENSG00000155363	MOV10
ENSG00000155366	RHOC
ENSG00000271810	RP11-426L16.10
ENSG00000155367	PPM1J
ENSG00000184599	FAM19A3
ENSG00000155380	SLC16A1
ENSG00000198799	LRIG2
ENSG00000081026	MAGI3
ENSG00000116793	PHTF1
ENSG00000081019	RSBN1
ENSG00000134242	PTPN22
ENSG00000188761	BCL2L15
ENSG00000134262	AP4B1
ENSG00000118655	DCLRE1B
ENSG00000163349	HIPK1
ENSG00000116774	OLFML3
ENSG00000134207	SYT6
ENSG00000197323	TRIM33
ENSG00000116752	BCAS2
ENSG00000175984	DENND2C
ENSG00000116748	AMPD1
ENSG00000213281	NRAS
ENSG00000009307	CSDE1
ENSG00000052723	SIKE1
ENSG00000198765	SYCP1
ENSG00000134200	TSHB
ENSG00000134198	TSPAN2
ENSG00000134259	NGF
ENSG00000173218	VANGL1
ENSG00000118729	CASQ2
ENSG00000177551	NHLH2
ENSG00000163393	SLC22A15
ENSG00000173212	MAB21L3
ENSG00000163399	ATP1A1
ENSG00000269279	AL136376.1
ENSG00000116815	CD58
ENSG00000143061	IGSF3
ENSG00000203864	C1orf137
ENSG00000116824	CD2
ENSG00000134247	PTGFRN
ENSG00000134256	CD101
ENSG00000116830	TTF2
ENSG00000134253	TRIM45
ENSG00000134258	VTCN1
ENSG00000198162	MAN1A2
ENSG00000183508	FAM46C
ENSG00000196505	GDAP2
ENSG00000065183	WDR3
ENSG00000155761	SPAG17
ENSG00000092607	TBX15
ENSG00000116874	WARS2
ENSG00000116882	HAO2
ENSG00000203859	HSD3B2
ENSG00000203857	HSD3B1
ENSG00000143067	ZNF697
ENSG00000092621	PHGDH
ENSG00000134240	HMGCS2
ENSG00000134193	REG4
ENSG00000134249	ADAM30
ENSG00000134250	NOTCH2
ENSG00000188610	FAM72B
ENSG00000198019	FCGR1B
ENSG00000236334	PPIAL4G
ENSG00000215784	FAM72D
ENSG00000162825	NBPF8
ENSG00000231360	AL592284.1
ENSG00000255854	PPIAL4B
ENSG00000168614	NBPF9
ENSG00000178104	PDE4DIP
ENSG00000268172	AL590452.1
ENSG00000213240	NOTCH2NL
ENSG00000255168	RP11-458D21.5
ENSG00000163386	NBPF10
ENSG00000168509	HFE2
ENSG00000117289	TXNIP
ENSG00000121851	POLR3GL
ENSG00000181039	ANKRD34A
ENSG00000152022	LIX1L
ENSG00000131795	RBM8A
ENSG00000131779	PEX11B
ENSG00000143127	ITGA10
ENSG00000198483	ANKRD35
ENSG00000131788	PIAS3
ENSG00000186364	NUDT17
ENSG00000186141	POLR3C
ENSG00000121848	RNF115
ENSG00000117281	CD160
ENSG00000174827	PDZK1
ENSG00000117262	GPR89A
ENSG00000196644	GPR89C
ENSG00000152042	NBPF11
ENSG00000186275	NBPF12
ENSG00000131791	PRKAB2
ENSG00000131781	FMO5
ENSG00000131778	CHD1L
ENSG00000116128	BCL9
ENSG00000162836	ACP6
ENSG00000143140	GJA5
ENSG00000121634	GJA8
ENSG00000188092	GPR89B
ENSG00000203836	NBPF24
ENSG00000269647	BX842679.1
ENSG00000255963	PPIAL4A
ENSG00000122497	NBPF14
ENSG00000256374	PPIAL4D
ENSG00000203832	NBPF20
ENSG00000243452	NBPF15
ENSG00000203827	NBPF16
ENSG00000203818	HIST2H3PS2
ENSG00000203817	FAM72C
ENSG00000198161	PPIAL4C
ENSG00000203815	FAM231D
ENSG00000150337	FCGR1A
ENSG00000203814	HIST2H2BF
ENSG00000183598	HIST2H3D
ENSG00000183941	HIST2H4A
ENSG00000203811	HIST2H3C
ENSG00000183558	HIST2H2AA3
ENSG00000203812	HIST2H2AA4
ENSG00000203852	HIST2H3A
ENSG00000182217	HIST2H4B
ENSG00000184678	HIST2H2BE
ENSG00000184260	HIST2H2AC
ENSG00000184270	HIST2H2AB
ENSG00000178096	BOLA1
ENSG00000159164	SV2A
ENSG00000143368	SF3B4
ENSG00000014914	MTMR11
ENSG00000163113	OTUD7B
ENSG00000136631	VPS45
ENSG00000023902	PLEKHO1
ENSG00000143401	ANP32E
ENSG00000118298	CA14
ENSG00000117362	APH1A
ENSG00000118292	C1orf54
ENSG00000159208	C1orf51
ENSG00000187145	MRPS21
ENSG00000117360	PRPF3
ENSG00000163125	RPRD2
ENSG00000143374	TARS2
ENSG00000143369	ECM1
ENSG00000143382	ADAMTSL4
ENSG00000225996	AL356356.1
ENSG00000203804	ADAMTSL4-AS1
ENSG00000143384	MCL1
ENSG00000143420	ENSA
ENSG00000143457	GOLPH3L
ENSG00000143452	HORMAD1
ENSG00000163131	CTSS
ENSG00000143387	CTSK
ENSG00000143437	ARNT
ENSG00000143379	SETDB1
ENSG00000143418	CERS2
ENSG00000143412	ANXA9
ENSG00000143409	FAM63A
ENSG00000143363	PRUNE
ENSG00000163141	BNIPL
ENSG00000143443	C1orf56
ENSG00000197622	CDC42SE1
ENSG00000213190	MLLT11
ENSG00000143458	GABPB2
ENSG00000143434	SEMA6C
ENSG00000163154	TNFAIP8L2
ENSG00000163156	SCNM1
ENSG00000163155	LYSMD1
ENSG00000163157	TMOD4
ENSG00000163159	VPS72
ENSG00000143398	PIP5K1A
ENSG00000159352	PSMD4
ENSG00000232671	RP11-126K1.2
ENSG00000143373	ZNF687
ENSG00000143393	PI4KB
ENSG00000143390	RFX5
ENSG00000143416	SELENBP1
ENSG00000159377	PSMB4
ENSG00000143442	POGZ
ENSG00000143375	CGN
ENSG00000143367	TUFT1
ENSG00000143376	SNX27
ENSG00000159409	CELF3
ENSG00000178796	RIIAD1
ENSG00000240510	AL589765.1
ENSG00000143436	MRPL9
ENSG00000143450	OAZ3
ENSG00000182134	TDRKH
ENSG00000213171	LINGO4
ENSG00000143365	RORC
ENSG00000225556	C2CD4D
ENSG00000196407	THEM5
ENSG00000159445	THEM4
ENSG00000197747	S100A10
ENSG00000163191	S100A11
ENSG00000182898	TCHHL1
ENSG00000159450	TCHH
ENSG00000215853	RPTN
ENSG00000197915	HRNR
ENSG00000143631	FLG
ENSG00000143520	FLG2
ENSG00000143536	CRNN
ENSG00000186207	LCE5A
ENSG00000169509	CRCT1
ENSG00000185966	LCE3E
ENSG00000163202	LCE3D
ENSG00000244057	LCE3C
ENSG00000187238	LCE3B
ENSG00000185962	LCE3A
ENSG00000187223	LCE2D
ENSG00000159455	LCE2B
ENSG00000187180	LCE2C
ENSG00000187173	LCE2A
ENSG00000187170	LCE4A
ENSG00000198854	C1orf68
ENSG00000203786	KPRP
ENSG00000240386	LCE1F
ENSG00000186226	LCE1E
ENSG00000172155	LCE1D
ENSG00000197084	LCE1C
ENSG00000196734	LCE1B
ENSG00000186844	LCE1A
ENSG00000235942	LCE6A
ENSG00000163206	SMCP
ENSG00000163207	IVL
ENSG00000184148	SPRR4
ENSG00000169474	SPRR1A
ENSG00000163209	SPRR3
ENSG00000169469	SPRR1B
ENSG00000163216	SPRR2D
ENSG00000241794	SPRR2A
ENSG00000196805	SPRR2B
ENSG00000203785	SPRR2E
ENSG00000244094	SPRR2F
ENSG00000159516	SPRR2G
ENSG00000203784	LELP1
ENSG00000203783	PRR9
ENSG00000203782	LOR
ENSG00000159527	PGLYRP3
ENSG00000163218	PGLYRP4
ENSG00000163220	S100A9
ENSG00000163221	S100A12
ENSG00000143546	S100A8
ENSG00000184330	S100A7A
ENSG00000197364	S100A7L2
ENSG00000143556	S100A7
ENSG00000197956	S100A6
ENSG00000196420	S100A5
ENSG00000196154	S100A4
ENSG00000188015	S100A3
ENSG00000196754	S100A2
ENSG00000188643	S100A16
ENSG00000189334	S100A14
ENSG00000189171	S100A13
ENSG00000160678	S100A1
ENSG00000160679	CHTOP
ENSG00000143553	SNAPIN
ENSG00000143621	ILF2
ENSG00000169418	NPR1
ENSG00000143624	INTS3
ENSG00000143554	SLC27A3
ENSG00000143614	GATAD2B
ENSG00000198837	DENND4B
ENSG00000160741	CRTC2
ENSG00000143570	SLC39A1
ENSG00000143578	CREB3L4
ENSG00000143543	JTB
ENSG00000143545	RAB13
ENSG00000177954	RPS27
ENSG00000143552	NUP210L
ENSG00000143549	TPM3
ENSG00000163263	C1orf189
ENSG00000143612	C1orf43
ENSG00000143569	UBAP2L
ENSG00000143575	HAX1
ENSG00000143595	AQP10
ENSG00000143515	ATP8B2
ENSG00000160712	IL6R
ENSG00000169291	SHE
ENSG00000163239	TDRD10
ENSG00000160714	UBE2Q1
ENSG00000160716	CHRNB2
ENSG00000160710	ADAR
ENSG00000268141	AL606500.1
ENSG00000143603	KCNN3
ENSG00000163344	PMVK
ENSG00000163346	PBXIP1
ENSG00000163348	PYGO2
ENSG00000160691	SHC1
ENSG00000173207	CKS1B
ENSG00000160688	FLAD1
ENSG00000163352	LENEP
ENSG00000160685	ZBTB7B
ENSG00000163354	DCST2
ENSG00000163357	DCST1
ENSG00000143537	ADAM15
ENSG00000243364	EFNA4
ENSG00000143590	EFNA3
ENSG00000251246	EFNA3
ENSG00000169242	EFNA1
ENSG00000169241	SLC50A1
ENSG00000179085	DPM3
ENSG00000163463	KRTCAP2
ENSG00000273088	RP11-201K10.3
ENSG00000163462	TRIM46
ENSG00000185499	MUC1
ENSG00000169231	THBS3
ENSG00000173171	MTX1
ENSG00000177628	GBA
ENSG00000160767	FAM189B
ENSG00000116521	SCAMP3
ENSG00000176444	CLK2
ENSG00000143630	HCN3
ENSG00000143627	PKLR
ENSG00000160752	FDPS
ENSG00000160753	RUSC1
ENSG00000116539	ASH1L
ENSG00000125459	MSTO1
ENSG00000163374	YY1AP1
ENSG00000132676	DAP3
ENSG00000116580	GON4L
ENSG00000132718	SYT11
ENSG00000143622	RIT1
ENSG00000132680	KIAA0907
ENSG00000173080	RXFP4
ENSG00000116584	ARHGEF2
ENSG00000163479	SSR2
ENSG00000160803	UBQLN4
ENSG00000116586	LAMTOR2
ENSG00000132698	RAB25
ENSG00000254726	MEX3A
ENSG00000160789	LMNA
ENSG00000196189	SEMA4A
ENSG00000160785	SLC25A44
ENSG00000260238	PMF1-BGLAP
ENSG00000160783	PMF1
ENSG00000242252	BGLAP
ENSG00000160781	PAQR6
ENSG00000198952	SMG5
ENSG00000163472	TMEM79
ENSG00000198715	C1orf85
ENSG00000189030	VHLL
ENSG00000163468	CCT3
ENSG00000163467	TSACC
ENSG00000132677	RHBG
ENSG00000125462	C1orf61
ENSG00000116604	MEF2D
ENSG00000183856	IQGAP3
ENSG00000187862	TTC24
ENSG00000163382	APOA1BP
ENSG00000160818	GPATCH4
ENSG00000132702	HAPLN2
ENSG00000132692	BCAN
ENSG00000132688	NES
ENSG00000143320	CRABP2
ENSG00000143319	ISG20L2
ENSG00000143303	RRNAD1
ENSG00000143314	MRPL24
ENSG00000143321	HDGF
ENSG00000143294	PRCC
ENSG00000027869	SH2D2A
ENSG00000198400	NTRK1
ENSG00000027644	INSRR
ENSG00000187800	PEAR1
ENSG00000160838	LRRC71
ENSG00000132694	ARHGEF11
ENSG00000253831	ETV3L
ENSG00000117036	ETV3
ENSG00000143297	FCRL5
ENSG00000163518	FCRL4
ENSG00000160856	FCRL3
ENSG00000132704	FCRL2
ENSG00000163534	FCRL1
ENSG00000073754	CD5L
ENSG00000183853	KIRREL
ENSG00000158473	CD1D
ENSG00000158477	CD1A
ENSG00000158481	CD1C
ENSG00000158485	CD1B
ENSG00000158488	CD1E
ENSG00000186306	OR10T2
ENSG00000180708	OR10K2
ENSG00000173285	OR10K1
ENSG00000198965	OR10R2
ENSG00000197532	OR6Y1
ENSG00000186440	OR6P1
ENSG00000186400	OR10X1
ENSG00000198967	OR10Z1
ENSG00000163554	SPTA1
ENSG00000196171	OR6K2
ENSG00000203757	OR6K3
ENSG00000180433	OR6K6
ENSG00000197403	OR6N1
ENSG00000188340	OR6N2
ENSG00000163563	MNDA
ENSG00000163564	PYHIN1
ENSG00000163565	IFI16
ENSG00000163568	AIM2
ENSG00000162706	CADM3
ENSG00000213088	DARC
ENSG00000179639	FCER1A
ENSG00000196266	OR10J3
ENSG00000196184	OR10J1
ENSG00000184155	OR10J5
ENSG00000132703	APCS
ENSG00000132693	CRP
ENSG00000158716	DUSP23
ENSG00000181036	FCRL6
ENSG00000158714	SLAMF8
ENSG00000188004	C1orf204
ENSG00000243284	VSIG8
ENSG00000256029	RP11-190A12.7
ENSG00000213085	CCDC19
ENSG00000269620	AL590560.1
ENSG00000158710	TAGLN2
ENSG00000085552	IGSF9
ENSG00000162723	SLAMF9
ENSG00000143315	PIGM
ENSG00000177807	KCNJ10
ENSG00000162728	KCNJ9
ENSG00000162729	IGSF8
ENSG00000018625	ATP1A2
ENSG00000132681	ATP1A4
ENSG00000143318	CASQ1
ENSG00000162734	PEA15
ENSG00000132716	DCAF8
ENSG00000258465	DCAF8
ENSG00000162735	PEX19
ENSG00000122218	COPA
ENSG00000162736	NCSTN
ENSG00000171786	NHLH1
ENSG00000162738	VANGL2
ENSG00000162739	SLAMF6
ENSG00000066294	CD84
ENSG00000117090	SLAMF1
ENSG00000117091	CD48
ENSG00000026751	SLAMF7
ENSG00000122224	LY9
ENSG00000122223	CD244
ENSG00000179914	ITLN1
ENSG00000158764	ITLN2
ENSG00000158769	F11R
ENSG00000270149	RP11-544M22.13
ENSG00000215845	TSTD1
ENSG00000158773	USF1
ENSG00000186517	ARHGAP30
ENSG00000268154	AL591806.1
ENSG00000143217	PVRL4
ENSG00000162755	KLHDC9
ENSG00000143256	PFDN2
ENSG00000158793	NIT1
ENSG00000158796	DEDD
ENSG00000143222	UFC1
ENSG00000143258	USP21
ENSG00000143224	PPOX
ENSG00000158850	B4GALT3
ENSG00000158859	ADAMTS4
ENSG00000158864	NDUFS2
ENSG00000158869	FCER1G
ENSG00000268387	AL590714.1
ENSG00000158874	APOA2
ENSG00000158882	TOMM40L
ENSG00000143257	NR1I3
ENSG00000248485	PCP4L1
ENSG00000158887	MPZ
ENSG00000143252	SDHC
ENSG00000188931	C1orf192
ENSG00000143226	FCGR2A
ENSG00000173110	HSPA6
ENSG00000203747	FCGR3A
ENSG00000072694	FCGR2B
ENSG00000162747	FCGR3B
ENSG00000132185	FCRLA
ENSG00000162746	FCRLB
ENSG00000081721	DUSP12
ENSG00000118217	ATF6
ENSG00000162745	OLFML2B
ENSG00000198929	NOS1AP
ENSG00000254706	RP11-565P22.6
ENSG00000239887	C1orf226
ENSG00000171722	C1orf111
ENSG00000198574	SH2D1B
ENSG00000152332	UHMK1
ENSG00000117143	UAP1
ENSG00000162733	DDR2
ENSG00000132196	HSD17B7
ENSG00000185860	C1orf110
ENSG00000117152	RGS4
ENSG00000143248	RGS5
ENSG00000143228	NUF2
ENSG00000185630	PBX1
ENSG00000162761	LMX1A
ENSG00000143171	RXRG
ENSG00000162763	LRRC52
ENSG00000143198	MGST3
ENSG00000143149	ALDH9A1
ENSG00000143183	TMCO1
ENSG00000143179	UCK2
ENSG00000188859	FAM78B
ENSG00000267884	AL626787.1
ENSG00000143157	POGK
ENSG00000152382	TADA1
ENSG00000143195	ILDR2
ENSG00000143194	MAEL
ENSG00000143167	GPA33
ENSG00000198842	DUSP27
ENSG00000143190	POU2F1
ENSG00000198821	CD247
ENSG00000143162	CREG1
ENSG00000198771	RCSD1
ENSG00000197965	MPZL1
ENSG00000143199	ADCY10
ENSG00000143158	MPC2
ENSG00000143164	DCAF6
ENSG00000143147	GPR161
ENSG00000143155	TIPRL
ENSG00000213064	SFT2D2
ENSG00000143178	TBX19
ENSG00000143185	XCL2
ENSG00000143184	XCL1
ENSG00000143196	DPT
ENSG00000143153	ATP1B1
ENSG00000143156	NME7
ENSG00000117475	BLZF1
ENSG00000117477	CCDC181
ENSG00000117479	SLC19A2
ENSG00000198734	F5
ENSG00000174175	SELP
ENSG00000000460	C1orf112
ENSG00000188404	SELL
ENSG00000007908	SELE
ENSG00000171806	METTL18
ENSG00000000457	SCYL3
ENSG00000075945	KIFAP3
ENSG00000203740	METTL11B
ENSG00000120370	GORAB
ENSG00000116132	PRRX1
ENSG00000117501	MROH9
ENSG00000007933	FMO3
ENSG00000117507	FMO6P
ENSG00000094963	FMO2
ENSG00000010932	FMO1
ENSG00000076258	FMO4
ENSG00000117523	PRRC2C
ENSG00000034971	MYOC
ENSG00000117533	VAMP4
ENSG00000010165	METTL13
ENSG00000197959	DNM3
ENSG00000135845	PIGC
ENSG00000180999	C1orf105
ENSG00000094975	SUCO
ENSG00000117560	FASLG
ENSG00000120337	TNFSF18
ENSG00000117586	TNFSF4
ENSG00000117592	PRDX6
ENSG00000162753	SLC9C2
ENSG00000183831	ANKRD45
ENSG00000076321	KLHL20
ENSG00000120334	CENPL
ENSG00000117593	DARS2
ENSG00000185278	ZBTB37
ENSG00000117601	SERPINC1
ENSG00000135870	RC3H1
ENSG00000152061	RABGAP1L
ENSG00000203737	GPR52
ENSG00000116161	CACYBP
ENSG00000120333	MRPS14
ENSG00000120332	TNN
ENSG00000235750	KIAA0040
ENSG00000116147	TNR
ENSG00000143207	RFWD2
ENSG00000116183	PAPPA2
ENSG00000152092	ASTN1
ENSG00000198797	BRINP2
ENSG00000120341	SEC16B
ENSG00000075391	RASAL2
ENSG00000240021	TEX35
ENSG00000213057	C1orf220
ENSG00000184909	C1ORF220
ENSG00000116191	RALGPS2
ENSG00000116194	ANGPTL1
ENSG00000116199	FAM20B
ENSG00000186283	TOR3A
ENSG00000143322	ABL2
ENSG00000057252	SOAT1
ENSG00000162779	AXDND1
ENSG00000269064	AL160286.1
ENSG00000116218	NPHS2
ENSG00000162782	TDRD5
ENSG00000143340	FAM163A
ENSG00000169905	TOR1AIP2
ENSG00000258664	IFRG15
ENSG00000143337	TOR1AIP1
ENSG00000135837	CEP350
ENSG00000116260	QSOX1
ENSG00000121454	LHX4
ENSG00000135847	ACBD6
ENSG00000143324	XPR1
ENSG00000135835	KIAA1614
ENSG00000234237	AL162431.1
ENSG00000135823	STX6
ENSG00000153029	MR1
ENSG00000162783	IER5
ENSG00000198216	CACNA1E
ENSG00000179930	ZNF648
ENSG00000135821	GLUL
ENSG00000203730	TEDDM1
ENSG00000121446	RGSL1
ENSG00000135828	RNASEL
ENSG00000143333	RGS16
ENSG00000135824	RGS8
ENSG00000135838	NPL
ENSG00000135829	DHX9
ENSG00000157060	SHCBP1L
ENSG00000135862	LAMC1
ENSG00000058085	LAMC2
ENSG00000157064	NMNAT2
ENSG00000116698	SMG7
ENSG00000116701	NCF2
ENSG00000162704	ARPC5
ENSG00000143344	RGL1
ENSG00000173627	APOBEC4
ENSG00000198756	COLGALT2
ENSG00000198860	TSEN15
ENSG00000116667	C1orf21
ENSG00000116406	EDEM3
ENSG00000135842	FAM129A
ENSG00000121481	RNF2
ENSG00000121486	TRMT1L
ENSG00000116668	SWT1
ENSG00000116679	IVNS1ABP
ENSG00000143341	HMCN1
ENSG00000116690	PRG4
ENSG00000047410	TPR
ENSG00000157181	C1orf27
ENSG00000268662	AL596220.1
ENSG00000262180	OCLM
ENSG00000116703	PDC
ENSG00000073756	PTGS2
ENSG00000116711	PLA2G4A
ENSG00000162670	BRINP3
ENSG00000150681	RGS18
ENSG00000253148	RGS21
ENSG00000090104	RGS1
ENSG00000127074	RGS13
ENSG00000116741	RGS2
ENSG00000116750	UCHL5
ENSG00000116747	TROVE2
ENSG00000023572	GLRX2
ENSG00000134371	CDC73
ENSG00000162630	B3GALT2
ENSG00000162687	KCNT2
ENSG00000000971	CFH
ENSG00000116785	CFHR3
ENSG00000244414	CFHR1
ENSG00000080910	CFHR2
ENSG00000134365	CFHR4
ENSG00000134389	CFHR5
ENSG00000143278	F13B
ENSG00000066279	ASPM
ENSG00000177888	ZBTB41
ENSG00000134376	CRB1
ENSG00000213047	DENND1B
ENSG00000203724	C1orf53
ENSG00000143355	LHX9
ENSG00000151414	NEK7
ENSG00000151418	ATP6V1G3
ENSG00000081237	PTPRC
ENSG00000116833	NR5A2
ENSG00000162702	ZNF281
ENSG00000118193	KIF14
ENSG00000118197	DDX59
ENSG00000118200	CAMSAP2
ENSG00000170128	GPR25
ENSG00000163362	C1orf106
ENSG00000116852	KIF21B
ENSG00000081248	CACNA1S
ENSG00000232237	ASCL5
ENSG00000116857	TMEM9
ENSG00000163395	IGFN1
ENSG00000081277	PKP1
ENSG00000118194	TNNT2
ENSG00000159166	LAD1
ENSG00000159173	TNNI1
ENSG00000174307	PHLDA3
ENSG00000159176	CSRP1
ENSG00000269690	AC096677.1
ENSG00000134369	NAV1
ENSG00000198700	IPO9
ENSG00000198892	SHISA4
ENSG00000163431	LMOD1
ENSG00000134375	TIMM17A
ENSG00000176393	RNPEP
ENSG00000163435	ELF3
ENSG00000170075	GPR37L1
ENSG00000143862	ARL8A
ENSG00000143851	PTPN7
ENSG00000133067	LGR6
ENSG00000077152	UBE2T
ENSG00000077157	PPP1R12B
ENSG00000143858	SYT2
ENSG00000117139	KDM5B
ENSG00000184774	RP11-480I12.4
ENSG00000183155	RABIF
ENSG00000117153	KLHL12
ENSG00000159346	ADIPOR1
ENSG00000159348	CYB5R1
ENSG00000163444	TMEM183A
ENSG00000143847	PPFIA4
ENSG00000122180	MYOG
ENSG00000163485	ADORA1
ENSG00000133055	MYBPH
ENSG00000133048	CHI3L1
ENSG00000133063	CHIT1
ENSG00000159388	BTG2
ENSG00000122176	FMOD
ENSG00000188783	PRELP
ENSG00000188770	OPTC
ENSG00000058668	ATP2B4
ENSG00000122188	LAX1
ENSG00000058673	ZC3H11A
ENSG00000257315	ZBED6
ENSG00000182004	SNRPE
ENSG00000143842	SOX13
ENSG00000143845	ETNK2
ENSG00000143839	REN
ENSG00000170498	KISS1
ENSG00000174567	GOLT1A
ENSG00000143850	PLEKHA6
ENSG00000158615	PPP1R15B
ENSG00000133056	PIK3C2B
ENSG00000198625	MDM4
ENSG00000170382	LRRN2
ENSG00000163531	NFASC
ENSG00000184144	CNTN2
ENSG00000174529	TMEM81
ENSG00000117222	RBBP5
ENSG00000133059	DSTYK
ENSG00000133069	TMCC2
ENSG00000163545	NUAK2
ENSG00000162873	KLHDC8A
ENSG00000186007	LEMD1
ENSG00000117266	CDK18
ENSG00000174514	MFSD4
ENSG00000158711	ELK4
ENSG00000158715	SLC45A3
ENSG00000069275	NUCKS1
ENSG00000268313	AC119673.1
ENSG00000117280	RAB7L1
ENSG00000133065	SLC41A1
ENSG00000162877	PM20D1
ENSG00000174502	SLC26A9
ENSG00000196550	FAM72A
ENSG00000198049	AVPR1B
ENSG00000196533	C1orf186
ENSG00000196188	CTSE
ENSG00000163486	SRGAP2
ENSG00000143466	IKBKE
ENSG00000162888	C1orf147
ENSG00000136653	RASSF5
ENSG00000143486	EIF2D
ENSG00000143479	DYRK3
ENSG00000162889	MAPKAPK2
ENSG00000136634	IL10
ENSG00000142224	IL19
ENSG00000162891	IL20
ENSG00000162892	IL24
ENSG00000162894	FAIM3
ENSG00000162896	PIGR
ENSG00000162897	FCAMR
ENSG00000182795	C1orf116
ENSG00000180667	YOD1
ENSG00000123836	PFKFB2
ENSG00000123843	C4BPB
ENSG00000123838	C4BPA
ENSG00000196352	CD55
ENSG00000117322	CR2
ENSG00000203710	CR1
ENSG00000197721	CR1L
ENSG00000117335	CD46
ENSG00000174059	CD34
ENSG00000076356	PLXNA2
ENSG00000008118	CAMK1G
ENSG00000196878	LAMB3
ENSG00000123689	G0S2
ENSG00000117594	HSD11B1
ENSG00000009790	TRAF3IP3
ENSG00000162757	C1orf74
ENSG00000117595	IRF6
ENSG00000117597	DIEXF
ENSG00000143469	SYT14
ENSG00000082497	SERTAD4
ENSG00000054392	HHAT
ENSG00000143473	KCNH1
ENSG00000117625	RCOR3
ENSG00000082512	TRAF5
ENSG00000198570	RD3
ENSG00000170385	SLC30A1
ENSG00000117650	NEK2
ENSG00000123684	LPGAT1
ENSG00000143493	INTS7
ENSG00000143476	DTL
ENSG00000066027	PPP2R5A
ENSG00000065600	TMEM206
ENSG00000117691	NENF
ENSG00000162772	ATF3
ENSG00000162771	FAM71A
ENSG00000123685	BATF3
ENSG00000117697	NSL1
ENSG00000203705	TATDN3
ENSG00000185523	C1orf227
ENSG00000162769	FLVCR1
ENSG00000143494	VASH2
ENSG00000174606	ANGEL2
ENSG00000136643	RPS6KC1
ENSG00000117707	PROX1
ENSG00000143499	SMYD2
ENSG00000152104	PTPN14
ENSG00000117724	CENPF
ENSG00000082482	KCNK2
ENSG00000136636	KCTD3
ENSG00000042781	USH2A
ENSG00000196482	ESRRG
ENSG00000092978	GPATCH2
ENSG00000162814	SPATA17
ENSG00000067533	RRP15
ENSG00000092969	TGFB2
ENSG00000228208	C1orf143
ENSG00000143353	LYPLAL1
ENSG00000196660	SLC30A10
ENSG00000136628	EPRS
ENSG00000162813	BPNT1
ENSG00000067704	IARS2
ENSG00000118873	RAB3GAP2
ENSG00000224867	AC096644.1
ENSG00000116141	MARK1
ENSG00000162817	C1orf115
ENSG00000117791	MARC2
ENSG00000186205	MARC1
ENSG00000136630	HLX
ENSG00000143507	DUSP10
ENSG00000143512	HHIPL2
ENSG00000143498	TAF1A
ENSG00000154305	MIA3
ENSG00000186063	AIDA
ENSG00000162819	BROX
ENSG00000197520	FAM177B
ENSG00000154309	DISP1
ENSG00000187554	TLR5
ENSG00000143502	SUSD4
ENSG00000178395	C1orf65
ENSG00000203697	CAPN8
ENSG00000162909	CAPN2
ENSG00000143514	TP53BP2
ENSG00000269358	AC138393.1
ENSG00000143756	FBXO28
ENSG00000143753	DEGS1
ENSG00000143748	NVL
ENSG00000143771	CNIH4
ENSG00000162923	WDR26
ENSG00000143786	CNIH3
ENSG00000185842	DNAH14
ENSG00000143815	LBR
ENSG00000203691	AC092811.1
ENSG00000154380	ENAH
ENSG00000143742	SRP9
ENSG00000143819	EPHX1
ENSG00000196187	TMEM63A
ENSG00000243709	LEFTY1
ENSG00000255835	RP4-559A3.7
ENSG00000143811	PYCR2
ENSG00000143768	LEFTY2
ENSG00000143751	SDE2
ENSG00000163041	H3F3A
ENSG00000182827	ACBD3
ENSG00000185155	MIXL1
ENSG00000183814	LIN9
ENSG00000143799	PARP1
ENSG00000203685	C1orf95
ENSG00000143772	ITPKB
ENSG00000143801	PSEN2
ENSG00000163050	ADCK3
ENSG00000143776	CDC42BPA
ENSG00000181450	ZNF678
ENSG00000143740	SNAP47
ENSG00000081692	JMJD4
ENSG00000185888	PRSS38
ENSG00000143816	WNT9A
ENSG00000154342	WNT3A
ENSG00000143761	ARF1
ENSG00000143793	C1orf35
ENSG00000162910	MRPL55
ENSG00000143774	GUK1
ENSG00000198835	GJC2
ENSG00000203684	IBA57-AS1
ENSG00000181873	IBA57
ENSG00000162913	C1orf145
ENSG00000154358	OBSCN
ENSG00000154370	TRIM11
ENSG00000162931	TRIM17
ENSG00000168148	HIST3H3
ENSG00000181218	HIST3H2A
ENSG00000196890	HIST3H2BB
ENSG00000168159	RNF187
ENSG00000116574	RHOU
ENSG00000177800	TMEM78
ENSG00000168118	RAB4A
ENSG00000213029	SPHAR
ENSG00000154429	CCSAP
ENSG00000143632	ACTA1
ENSG00000069248	NUP133
ENSG00000135776	ABCB10
ENSG00000135801	TAF5L
ENSG00000135763	URB2
ENSG00000143641	GALNT2
ENSG00000177614	PGBD5
ENSG00000135775	COG2
ENSG00000135744	AGT
ENSG00000135773	CAPN9
ENSG00000119280	C1orf198
ENSG00000143643	TTC13
ENSG00000173409	ARV1
ENSG00000182118	FAM89A
ENSG00000119283	TRIM67
ENSG00000143633	C1orf131
ENSG00000116906	GNPAT
ENSG00000116903	EXOC8
ENSG00000010072	SPRTN
ENSG00000135766	EGLN1
ENSG00000270106	TSNAX-DISC1
ENSG00000116918	TSNAX
ENSG00000162946	DISC1
ENSG00000116991	SIPA1L2
ENSG00000212916	MAP10
ENSG00000135778	NTPCR
ENSG00000135749	PCNXL2
ENSG00000143674	MLK4
ENSG00000135750	KCNK1
ENSG00000183780	SLC35F3
ENSG00000168275	COA6
ENSG00000059588	TARBP1
ENSG00000168264	IRF2BP2
ENSG00000173726	TOMM20
ENSG00000188739	RBM34
ENSG00000054267	ARID4B
ENSG00000152904	GGPS1
ENSG00000116957	TBCE
ENSG00000162885	B3GALNT2
ENSG00000168243	GNG4
ENSG00000143669	LYST
ENSG00000116962	NID1
ENSG00000077585	GPR137B
ENSG00000086619	ERO1LB
ENSG00000186197	EDARADD
ENSG00000116977	LGALS8
ENSG00000119285	HEATR1
ENSG00000077522	ACTN2
ENSG00000116984	MTR
ENSG00000244020	MT1HL1
ENSG00000198626	RYR2
ENSG00000116996	ZP4
ENSG00000270188	MTRNR2L11
ENSG00000133019	CHRM3
ENSG00000155816	FMN2
ENSG00000268365	AL646016.1
ENSG00000180875	GREM2
ENSG00000182901	RGS7
ENSG00000091483	FH
ENSG00000117009	KMO
ENSG00000054277	OPN3
ENSG00000203668	CHML
ENSG00000162843	WDR64
ENSG00000174371	EXO1
ENSG00000197769	MAP1LC3C
ENSG00000180287	PLD5
ENSG00000143702	CEP170
